,reason_1,reason_2,reason_3,reason_4,months,Days,Transportation Expense,Distance to Work,Age,Daily Work Load Average,Body Mass Index,Education,Children,Pets,Absenteeism Time in Hours
0,0,1,0,0,5,3,225,15,41,237.65599999999998,28,1,2,2,8
1,0,0,0,1,3,3,225,26,28,222.196,24,0,1,2,2
2,0,0,0,1,11,3,179,51,38,284.031,31,0,0,0,3
3,0,0,0,1,3,1,228,14,58,222.196,22,0,2,1,3
4,0,0,0,1,3,2,361,52,28,244.387,27,0,1,4,8
5,0,0,0,1,6,1,118,10,37,253.957,28,0,0,0,2
6,1,0,0,0,9,0,246,25,41,294.217,23,0,0,0,16
7,1,0,0,0,10,6,248,25,47,284.853,32,0,2,1,8
8,0,0,0,1,1,2,225,26,28,330.061,24,0,1,2,5
9,1,0,0,0,8,0,361,52,28,265.615,27,0,1,4,8
10,0,0,0,1,11,2,225,26,28,306.345,24,0,1,2,1
11,1,0,0,0,5,0,235,20,43,246.074,38,0,1,0,16
12,0,0,0,1,3,3,248,25,47,222.196,32,0,2,1,3
13,0,0,0,1,8,4,260,50,36,205.917,23,0,4,0,4
14,1,0,0,0,3,1,179,51,38,343.25300000000004,31,0,0,0,24
15,0,0,0,1,10,3,179,26,30,253.465,19,1,0,0,1
16,0,0,0,1,8,3,179,51,38,249.797,31,0,0,0,4
17,0,0,1,0,12,1,118,10,37,261.306,28,0,0,0,56
18,0,0,0,1,5,4,179,26,30,237.65599999999998,19,1,0,0,2
19,0,0,0,1,6,4,246,25,41,253.957,23,0,0,0,2
20,0,0,0,1,11,4,225,26,28,268.519,24,0,1,2,4
21,0,0,0,1,7,3,279,5,39,230.29,24,0,2,0,2
22,1,0,0,0,3,1,228,14,58,222.196,22,0,2,1,112
23,0,0,0,1,6,3,291,31,40,377.55,25,0,1,1,4
24,1,0,0,0,10,3,260,50,36,265.017,23,0,4,0,0
25,0,0,0,1,1,3,184,42,27,308.593,21,0,0,0,2
26,0,0,0,1,10,2,225,26,28,253.465,24,0,1,2,2
27,0,0,0,1,2,3,225,26,28,264.249,24,0,1,2,3
28,0,0,0,1,4,0,118,13,50,239.40900000000002,31,0,1,0,1
29,0,0,0,1,9,3,291,31,40,241.476,25,0,1,1,4
30,0,0,1,0,7,0,155,12,34,239.554,25,0,2,0,40
31,0,0,0,1,9,4,248,25,47,241.476,32,0,2,1,1
32,1,0,0,0,1,3,179,26,30,313.532,19,1,0,0,16
33,1,0,0,0,4,0,118,10,37,246.28799999999998,28,0,0,0,8
34,0,0,1,0,9,2,225,26,28,241.476,24,0,1,2,3
35,0,0,0,1,10,3,291,31,40,265.017,25,0,1,1,4
36,0,0,0,1,2,1,291,31,40,251.81799999999998,25,0,1,1,2
37,0,0,0,1,2,3,179,51,38,264.249,31,0,0,0,3
38,0,0,0,1,6,0,179,51,38,253.957,31,0,0,0,24
39,0,0,0,1,8,2,248,25,47,205.917,32,0,2,1,2
40,0,0,0,1,12,0,179,51,38,236.62900000000002,31,0,0,0,1
41,0,0,1,0,1,1,155,12,34,313.532,25,0,2,0,8
42,0,0,0,1,2,0,155,12,34,264.249,25,0,2,0,5
43,0,1,0,0,3,0,279,5,39,343.25300000000004,24,0,2,0,8
44,0,0,0,1,1,0,289,36,33,330.061,30,0,2,1,8
45,1,0,0,0,6,4,246,25,41,377.55,23,0,0,0,8
46,0,0,1,0,12,4,246,25,41,261.306,23,0,0,0,8
47,1,0,0,0,2,3,179,51,38,251.81799999999998,31,0,0,0,8
48,1,0,0,0,6,0,291,31,40,253.957,25,0,1,1,40
49,0,0,0,1,4,2,179,51,38,239.40900000000002,31,0,0,0,4
50,0,0,0,1,1,2,225,26,28,308.593,24,0,1,2,2
51,0,0,0,1,11,1,179,51,38,284.031,31,0,0,0,1
52,0,0,0,1,9,4,179,51,38,241.476,31,0,0,0,3
53,1,0,0,0,3,0,248,25,47,222.196,32,0,2,1,2
54,0,0,0,1,10,1,118,10,37,284.853,28,0,0,0,2
55,0,0,0,1,2,4,179,51,38,251.81799999999998,31,0,0,0,3
56,0,0,0,1,2,1,179,26,30,302.585,19,1,0,0,1
57,0,0,0,1,1,4,225,26,28,308.593,24,0,1,2,1
58,0,0,0,1,4,4,225,26,28,326.452,24,0,1,2,2
59,0,0,0,1,9,2,179,51,38,241.476,31,0,0,0,3
60,0,0,0,1,1,0,155,12,34,330.061,25,0,2,0,2
61,1,0,0,0,3,1,179,51,38,222.196,31,0,0,0,8
62,1,0,0,0,4,2,246,25,41,326.452,23,0,0,0,24
63,0,1,0,0,3,3,279,5,39,343.25300000000004,24,0,2,0,16
64,0,0,0,1,8,0,361,52,28,205.917,27,0,1,4,1
65,1,0,0,0,1,1,235,11,37,330.061,29,1,1,1,1
66,0,0,1,0,1,4,179,22,40,313.532,22,1,2,0,3
67,0,0,0,1,12,2,235,11,37,261.306,29,1,1,1,8
68,1,0,0,0,9,3,235,20,43,294.217,38,0,1,0,0
69,0,0,0,1,9,0,118,10,37,241.476,28,0,0,0,4
70,0,0,0,1,7,4,179,51,38,239.554,31,0,0,0,2
71,0,0,0,1,10,1,225,26,28,284.853,24,0,1,2,4
72,0,0,0,1,1,2,179,51,38,313.532,31,0,0,0,3
73,1,0,0,0,5,3,330,16,28,237.65599999999998,25,1,0,0,8
74,1,0,0,0,6,4,179,51,38,377.55,31,0,0,0,2
75,0,0,0,1,7,1,289,36,33,239.554,30,0,2,1,4
76,0,0,0,1,12,1,225,26,28,261.306,24,0,1,2,2
77,0,0,0,1,10,2,291,31,40,284.853,25,0,1,1,2
78,0,0,1,0,10,3,260,50,36,253.465,23,0,4,0,16
79,0,0,0,1,4,0,179,51,38,239.40900000000002,31,0,0,0,4
80,0,0,0,1,8,1,246,25,41,249.797,23,0,0,0,4
81,0,0,0,1,10,4,179,51,38,253.465,31,0,0,0,3
82,0,0,0,1,6,0,179,51,38,253.957,31,0,0,0,2
83,0,0,0,1,8,1,289,36,33,249.797,30,0,2,1,8
84,0,0,0,1,2,2,179,51,38,264.249,31,0,0,0,2
85,0,0,0,1,11,0,248,25,47,284.031,32,0,2,1,2
86,0,0,0,1,4,2,225,26,28,326.452,24,0,1,2,1
87,0,0,0,1,2,1,179,51,38,264.249,31,0,0,0,2
88,0,0,0,1,12,1,118,13,50,236.62900000000002,31,0,1,0,1
89,0,0,0,1,10,1,369,17,31,284.853,25,0,3,0,3
90,0,0,0,1,11,3,291,31,40,306.345,25,0,1,1,5
91,0,0,1,0,4,0,225,26,28,246.28799999999998,24,0,1,2,8
92,0,0,0,1,11,4,369,17,31,268.519,25,0,3,0,8
93,1,0,0,0,11,0,155,12,34,306.345,25,0,2,0,32
94,0,0,0,1,7,2,289,36,33,275.312,30,0,2,1,8
95,1,0,0,0,7,2,179,51,38,239.554,31,0,0,0,1
96,0,0,0,1,4,4,179,26,30,246.28799999999998,19,1,0,0,2
97,0,0,0,1,12,2,225,26,28,280.54900000000004,24,0,1,2,3
98,1,0,0,0,10,3,291,31,40,265.017,25,0,1,1,0
99,0,0,0,1,2,4,260,50,36,251.81799999999998,23,0,4,0,3
100,1,0,0,0,11,4,225,26,28,306.345,24,0,1,2,3
101,0,0,0,1,1,0,118,10,37,308.593,28,0,0,0,0
102,1,0,0,0,4,0,369,17,31,246.28799999999998,25,0,3,0,24
103,1,0,0,0,12,1,179,51,38,280.54900000000004,31,0,0,0,32
104,0,0,0,1,8,0,179,22,40,249.797,22,1,2,0,1
105,1,0,0,0,9,0,260,50,36,241.476,23,0,4,0,0
106,0,0,0,1,4,4,235,11,37,246.28799999999998,29,1,1,1,8
107,0,0,0,1,9,4,260,50,36,241.476,23,0,4,0,4
108,0,0,0,1,5,4,225,15,41,237.65599999999998,28,1,2,2,8
109,0,1,0,0,8,2,300,26,43,265.615,25,0,2,1,2
110,1,0,0,0,10,3,118,13,50,265.017,31,0,1,0,0
111,0,0,0,1,4,4,300,26,43,239.40900000000002,25,0,2,1,8
112,0,0,0,1,7,4,361,52,28,230.29,27,0,1,4,8
113,0,0,1,0,7,3,179,26,30,275.312,19,1,0,0,8
114,0,0,0,1,9,4,248,25,47,261.756,32,0,2,1,1
115,1,0,0,0,8,2,268,11,33,265.615,25,1,0,0,8
116,1,0,0,0,11,3,235,20,43,268.519,38,0,1,0,0
117,0,0,0,1,3,1,179,22,40,244.387,22,1,2,0,8
118,0,0,0,1,2,4,179,51,38,251.81799999999998,31,0,0,0,3
119,1,0,0,0,10,4,369,17,31,284.853,25,0,3,0,8
120,0,0,0,1,10,1,118,10,37,253.465,28,0,0,0,3
121,0,0,0,1,10,1,225,26,28,253.465,24,0,1,2,2
122,1,0,0,0,12,1,235,20,43,236.62900000000002,38,0,1,0,8
123,1,0,0,0,3,3,179,26,30,343.25300000000004,19,1,0,0,8
124,0,1,0,0,11,3,225,26,28,268.519,24,0,1,2,3
125,0,0,0,1,3,0,179,51,38,222.196,31,0,0,0,2
126,1,0,0,0,2,2,179,51,38,302.585,31,0,0,0,8
127,0,0,0,1,8,1,246,25,41,249.797,23,0,0,0,1
128,0,0,0,1,1,3,184,42,27,308.593,21,0,0,0,2
129,0,0,0,1,8,0,289,36,33,265.615,30,0,2,1,4
130,0,1,0,0,5,4,179,22,40,237.65599999999998,22,1,2,0,1
131,0,0,0,1,8,0,179,51,38,205.917,31,0,0,0,2
132,0,0,0,1,9,0,179,26,30,261.756,19,1,0,0,2
133,1,0,0,0,12,4,179,26,30,280.54900000000004,19,1,0,0,1
134,0,0,0,1,5,2,291,31,40,237.65599999999998,25,0,1,1,8
135,0,0,0,1,3,2,179,51,38,222.196,31,0,0,0,3
136,1,0,0,0,5,0,369,17,31,246.074,25,0,3,0,8
137,0,0,0,1,1,3,225,26,28,308.593,24,0,1,2,2
138,1,0,0,0,11,3,179,51,38,306.345,31,0,0,0,8
139,1,0,0,0,5,2,118,13,50,378.884,31,0,1,0,24
140,0,0,0,1,10,3,118,13,50,265.017,31,0,1,0,1
141,1,0,0,0,2,1,179,51,38,264.249,31,0,0,0,8
142,0,0,0,1,12,4,260,50,36,261.306,23,0,4,0,3
143,0,0,1,0,7,0,179,51,38,239.554,31,0,0,0,8
144,0,0,0,1,2,0,235,16,32,264.249,25,1,0,0,3
145,1,0,0,0,11,0,155,12,34,284.031,25,0,2,0,120
146,0,0,0,1,12,2,260,50,36,236.62900000000002,23,0,4,0,8
147,0,0,0,1,9,6,118,10,37,241.476,28,0,0,0,3
148,0,0,0,1,3,4,225,26,28,343.25300000000004,24,0,1,2,2
149,0,0,0,1,3,2,291,31,40,343.25300000000004,25,0,1,1,8
150,0,0,0,1,12,4,179,51,38,236.62900000000002,31,0,0,0,1
151,1,0,0,0,7,1,260,50,36,239.554,23,0,4,0,8
152,0,0,0,1,11,2,225,26,28,306.345,24,0,1,2,1
153,0,1,0,0,4,1,179,22,40,246.28799999999998,22,1,2,0,2
154,0,0,0,1,8,0,179,51,38,249.797,31,0,0,0,4
155,0,0,0,1,2,1,225,26,28,302.585,24,0,1,2,2
156,0,0,0,1,3,0,179,51,38,244.387,31,0,0,0,2
157,0,0,0,1,8,3,291,31,40,249.797,25,0,1,1,2
158,0,0,1,0,10,5,289,36,33,265.017,30,0,2,1,16
159,1,0,0,0,1,0,179,26,30,313.532,19,1,0,0,3
160,1,0,0,0,1,0,179,26,30,313.532,19,1,0,0,24
161,0,0,0,1,1,0,118,10,37,308.593,28,0,0,0,2
162,0,1,0,0,9,0,291,31,40,241.476,25,0,1,1,32
163,0,0,1,0,8,3,235,29,48,205.917,33,0,1,5,8
164,0,0,0,1,1,1,155,12,34,330.061,25,0,2,0,4
165,0,0,1,0,5,1,179,51,38,378.884,31,0,0,0,8
166,1,0,0,0,11,2,260,50,36,284.031,23,0,4,0,8
167,0,0,0,1,9,1,155,12,34,261.756,25,0,2,0,2
168,1,0,0,0,4,3,289,36,33,326.452,30,0,2,1,16
169,0,0,0,1,3,0,179,51,38,222.196,31,0,0,0,3
170,1,0,0,0,12,3,246,25,41,236.62900000000002,23,0,0,0,8
171,0,0,1,0,1,1,155,12,34,308.593,25,0,2,0,8
172,0,0,0,1,7,0,157,27,29,275.312,22,0,0,0,3
173,0,0,0,1,2,4,235,16,32,264.249,25,1,0,0,2
174,0,0,0,1,11,1,225,26,28,306.345,24,0,1,2,3
175,0,0,0,1,8,2,179,26,30,265.615,19,1,0,0,1
176,0,0,0,1,10,2,235,20,43,265.017,38,0,1,0,2
177,0,0,0,1,1,4,179,22,40,313.532,22,1,2,0,2
178,0,0,0,1,2,4,179,51,38,264.249,31,0,0,0,2
179,0,0,0,1,7,3,179,51,38,275.312,31,0,0,0,8
180,0,0,0,1,10,1,179,51,38,253.465,31,0,0,0,3
181,0,0,0,1,5,2,248,25,47,246.074,32,0,2,1,2
182,1,0,0,0,5,2,118,10,37,237.65599999999998,28,0,0,0,3
183,0,0,1,0,8,0,228,14,58,265.615,22,0,2,1,8
184,0,0,0,1,1,1,225,26,28,308.593,24,0,1,2,1
185,0,0,0,1,2,1,248,25,47,264.249,32,0,2,1,2
186,0,0,0,1,5,2,179,26,30,246.074,19,1,0,0,3
187,0,0,0,1,11,0,179,51,38,268.519,31,0,0,0,1
188,1,0,0,0,9,3,235,20,43,294.217,38,0,1,0,0
189,0,1,0,0,12,1,235,11,37,236.62900000000002,29,1,1,1,4
190,0,0,0,1,7,4,118,13,50,230.29,31,0,1,0,1
191,1,0,0,0,4,2,118,10,37,246.28799999999998,28,0,0,0,2
192,0,0,0,1,11,2,225,26,28,306.345,24,0,1,2,3
193,0,0,0,1,9,0,179,51,38,261.756,31,0,0,0,4
194,0,0,0,1,1,2,179,22,40,313.532,22,1,2,0,2
195,0,0,0,1,8,4,179,51,38,205.917,31,0,0,0,2
196,1,0,0,0,7,0,268,11,33,230.29,25,1,0,0,8
197,0,0,0,1,3,1,246,25,41,244.387,23,0,0,0,2
198,0,0,0,1,9,1,246,25,41,261.756,23,0,0,0,1
199,1,0,0,0,3,3,246,25,41,244.387,23,0,0,0,0
200,0,0,0,1,11,0,118,10,37,268.519,28,0,0,0,8
201,0,0,0,1,8,0,260,50,36,249.797,23,0,4,0,3
202,0,0,0,1,6,0,118,10,37,253.957,28,0,0,0,3
203,0,0,0,1,8,3,291,31,40,249.797,25,0,1,1,4
204,1,0,0,0,11,4,291,31,40,284.031,25,0,1,1,4
205,1,0,0,0,3,2,260,50,36,343.25300000000004,23,0,4,0,8
206,0,0,0,1,6,0,179,51,38,253.957,31,0,0,0,3
207,1,0,0,0,2,0,225,26,28,264.249,24,0,1,2,2
208,0,0,0,1,1,0,179,26,30,313.532,19,1,0,0,2
209,0,0,0,1,12,4,260,50,36,261.306,23,0,4,0,8
210,0,0,0,1,9,4,291,31,40,294.217,25,0,1,1,3
211,0,0,0,1,2,0,225,26,28,302.585,24,0,1,2,2
212,1,0,0,0,5,2,330,16,28,378.884,25,1,0,0,0
213,1,0,0,0,10,6,235,16,32,284.853,25,1,0,0,8
214,1,0,0,0,3,0,155,12,34,343.25300000000004,25,0,2,0,16
215,1,0,0,0,5,2,378,49,36,237.65599999999998,21,0,2,4,0
216,0,0,0,1,11,3,179,51,38,306.345,31,0,0,0,1
217,1,0,0,0,10,2,361,52,28,265.017,27,0,1,4,8
218,0,0,0,1,10,2,235,20,43,265.017,38,0,1,0,2
219,0,0,0,1,5,2,179,51,38,246.074,31,0,0,0,4
220,0,0,0,1,4,4,291,31,40,326.452,25,0,1,1,1
221,1,0,0,0,7,3,279,5,39,239.554,24,0,2,0,4
222,0,0,0,1,5,1,118,10,37,237.65599999999998,28,0,0,0,1
223,0,0,0,1,7,0,235,11,37,239.554,29,1,1,1,8
224,0,0,0,1,5,2,225,26,28,246.074,24,0,1,2,3
225,1,0,0,0,3,2,369,17,31,244.387,25,0,3,0,0
226,0,0,0,1,12,3,235,11,37,236.62900000000002,29,1,1,1,2
227,1,0,0,0,2,3,179,26,30,264.249,19,1,0,0,2
228,1,0,0,0,3,2,179,51,38,343.25300000000004,31,0,0,0,3
229,0,0,0,1,3,0,235,11,37,244.387,29,1,1,1,8
230,0,0,0,1,12,1,118,10,37,236.62900000000002,28,0,0,0,8
231,0,0,0,1,1,0,235,20,43,330.061,38,0,1,0,8
232,0,0,1,0,4,2,248,25,47,246.28799999999998,32,0,2,1,8
233,0,0,0,1,4,0,369,17,31,239.40900000000002,25,0,3,0,4
234,0,0,0,1,3,4,118,13,50,244.387,31,0,1,0,2
235,0,0,0,1,3,1,179,51,38,222.196,31,0,0,0,3
236,0,0,0,1,7,4,155,12,34,275.312,25,0,2,0,2
237,0,0,1,0,4,4,260,50,36,326.452,23,0,4,0,56
238,0,0,0,1,9,1,184,42,27,241.476,21,0,0,0,2
239,0,0,0,1,1,4,179,51,38,330.061,31,0,0,0,1
240,0,0,0,1,11,1,225,26,28,268.519,24,0,1,2,2
241,0,0,0,1,2,3,246,25,41,251.81799999999998,23,0,0,0,8
242,0,0,0,1,7,4,179,51,38,239.554,31,0,0,0,2
243,1,0,0,0,5,1,118,13,50,237.65599999999998,31,0,1,0,0
244,1,0,0,0,1,2,291,31,40,330.061,25,0,1,1,8
245,0,0,0,1,2,0,179,51,38,251.81799999999998,31,0,0,0,2
246,1,0,0,0,5,0,235,11,37,246.074,29,1,1,1,8
247,0,0,0,1,8,4,235,29,48,205.917,33,0,1,5,8
248,1,0,0,0,10,4,179,26,30,265.017,19,1,0,0,64
249,0,0,0,1,2,2,179,51,38,264.249,31,0,0,0,3
250,1,0,0,0,9,1,291,50,32,294.217,23,0,0,0,0
251,1,0,0,0,2,2,225,26,28,251.81799999999998,24,0,1,2,1
252,0,0,0,1,12,4,225,26,28,280.54900000000004,24,0,1,2,3
253,0,1,0,0,3,4,248,25,47,343.25300000000004,32,0,2,1,3
254,0,0,0,1,10,4,225,26,28,253.465,24,0,1,2,3
255,0,0,0,1,1,2,118,10,37,308.593,28,0,0,0,2
256,0,0,0,1,8,4,260,50,36,205.917,23,0,4,0,4
257,0,0,0,1,7,3,289,36,33,239.554,30,0,2,1,2
258,0,0,1,0,8,0,235,29,48,205.917,33,0,1,5,8
259,1,0,0,0,5,4,330,16,28,246.074,25,1,0,0,8
260,0,0,1,0,12,1,118,10,37,261.306,28,0,0,0,64
261,0,1,0,0,10,2,289,48,49,284.853,36,0,0,2,3
262,0,0,1,0,7,1,155,12,34,275.312,25,0,2,0,16
263,1,0,0,0,10,4,179,26,30,265.017,19,1,0,0,5
264,0,0,0,1,3,3,179,51,38,222.196,31,0,0,0,3
265,0,0,0,1,9,1,246,25,41,261.756,23,0,0,0,1
266,0,0,0,1,10,2,289,36,33,265.017,30,0,2,1,8
267,1,0,0,0,12,0,225,26,28,236.62900000000002,24,0,1,2,3
268,0,0,0,1,4,4,330,16,28,239.40900000000002,25,1,0,0,4
269,0,0,0,1,4,1,155,12,34,326.452,25,0,2,0,1
270,0,0,0,1,2,1,246,25,41,251.81799999999998,23,0,0,0,2
271,0,0,0,1,3,2,179,51,38,222.196,31,0,0,0,2
272,0,0,0,1,8,1,248,25,47,265.615,32,0,2,1,1
273,1,0,0,0,11,2,289,36,33,268.519,30,0,2,1,0
274,0,0,0,1,7,3,179,26,30,230.29,19,1,0,0,2
275,0,0,1,0,4,2,378,49,36,326.452,21,0,2,4,8
276,0,0,0,1,4,4,179,26,30,246.28799999999998,19,1,0,0,2
277,0,0,0,1,10,4,361,52,28,253.465,27,0,1,4,1
278,0,0,0,1,10,4,246,25,41,284.853,23,0,0,0,8
279,0,0,0,1,9,1,179,51,38,241.476,31,0,0,0,4
280,0,0,0,1,1,3,118,10,37,308.593,28,0,0,0,2
281,0,0,0,1,8,1,179,22,40,249.797,22,1,2,0,8
282,0,0,0,1,12,0,225,26,28,280.54900000000004,24,0,1,2,2
283,0,0,1,0,7,3,289,36,33,275.312,30,0,2,1,8
284,0,0,0,1,3,2,289,36,33,222.196,30,0,2,1,8
285,0,0,1,0,5,2,228,14,58,246.074,22,0,2,1,8
286,0,0,0,1,2,4,179,51,38,251.81799999999998,31,0,0,0,3
287,0,0,0,1,4,3,118,13,50,326.452,31,0,1,0,1
288,0,0,0,1,6,4,260,50,36,253.957,23,0,4,0,4
289,0,0,0,1,12,0,157,27,29,236.62900000000002,22,0,0,0,2
290,0,1,0,0,11,4,260,50,36,284.031,23,0,4,0,8
291,1,0,0,0,10,3,225,26,28,284.853,24,0,1,2,1
292,0,0,0,1,2,2,179,51,38,251.81799999999998,31,0,0,0,3
293,0,0,0,1,5,0,118,10,37,246.074,28,0,0,0,1
294,0,0,1,0,3,1,157,27,29,343.25300000000004,22,0,0,0,3
295,1,0,0,0,5,3,179,26,30,237.65599999999998,19,1,0,0,1
296,0,0,0,1,6,1,246,25,41,253.957,23,0,0,0,3
297,0,1,0,0,4,3,118,13,50,246.28799999999998,31,0,1,0,2
298,1,0,0,0,10,4,225,26,28,284.853,24,0,1,2,3
299,0,0,0,1,12,3,225,26,28,261.306,24,0,1,2,2
300,0,0,0,1,9,1,225,26,28,241.476,24,0,1,2,2
301,0,0,0,1,7,1,118,10,37,230.29,28,0,0,0,8
302,0,0,0,1,11,0,361,52,28,268.519,27,0,1,4,2
303,0,0,0,1,12,3,179,51,38,236.62900000000002,31,0,0,0,1
304,0,0,0,1,11,3,291,31,40,306.345,25,0,1,1,3
305,0,0,0,1,2,2,179,51,38,251.81799999999998,31,0,0,0,3
306,0,0,0,1,1,1,118,10,37,308.593,28,0,0,0,2
307,1,0,0,0,3,1,225,26,28,343.25300000000004,24,0,1,2,8
308,0,0,0,1,12,4,118,10,37,261.306,28,0,0,0,2
309,0,0,0,1,10,2,291,31,40,284.853,25,0,1,1,1
310,0,0,0,1,5,0,179,26,30,246.074,19,1,0,0,2
311,0,0,0,1,5,2,179,26,30,246.074,19,1,0,0,3
312,0,0,0,1,9,4,179,26,30,261.756,19,1,0,0,8
313,0,0,0,1,2,4,260,50,36,302.585,23,0,4,0,2
314,0,0,0,1,5,3,291,31,40,237.65599999999998,25,0,1,1,2
315,0,0,0,1,7,4,361,52,28,239.554,27,0,1,4,8
316,0,0,1,0,8,2,235,11,37,265.615,29,1,1,1,8
317,0,0,0,1,11,2,291,31,40,268.519,25,0,1,1,2
318,1,0,0,0,7,2,118,13,50,275.312,31,0,1,0,8
319,0,0,0,1,4,2,330,16,28,239.40900000000002,25,1,0,0,8
320,1,0,0,0,9,2,369,17,31,241.476,25,0,3,0,0
321,0,0,0,1,6,3,378,49,36,377.55,21,0,2,4,8
322,0,0,0,1,3,1,179,51,38,222.196,31,0,0,0,2
323,1,0,0,0,2,2,248,25,47,264.249,32,0,2,1,8
324,1,0,0,0,4,0,235,29,48,326.452,33,0,1,5,0
325,0,0,0,1,7,1,179,51,38,230.29,31,0,0,0,1
326,0,0,0,1,9,3,118,13,50,294.217,31,0,1,0,1
327,0,0,0,1,11,2,289,36,33,268.519,30,0,2,1,8
328,0,0,0,1,7,2,179,51,38,239.554,31,0,0,0,2
329,1,0,0,0,5,1,118,13,50,237.65599999999998,31,0,1,0,3
330,1,0,0,0,5,1,179,51,38,378.884,31,0,0,0,1
331,0,0,0,1,9,0,179,51,38,241.476,31,0,0,0,3
332,0,0,1,0,4,3,225,26,28,246.28799999999998,24,0,1,2,8
333,1,0,0,0,6,0,179,51,38,377.55,31,0,0,0,8
334,1,0,0,0,7,3,189,29,33,239.554,25,0,2,2,8
335,1,0,0,0,3,3,289,36,33,343.25300000000004,30,0,2,1,8
336,0,0,1,0,5,4,300,26,43,237.65599999999998,25,0,2,1,64
337,0,0,0,1,10,3,289,36,33,265.017,30,0,2,1,8
338,1,0,0,0,10,3,289,48,49,284.853,36,0,0,2,1
339,1,0,0,0,5,0,235,16,32,237.65599999999998,25,1,0,0,8
340,0,0,0,1,10,6,189,29,33,284.853,25,0,2,2,8
341,0,0,0,1,11,3,235,11,37,284.031,29,1,1,1,2
342,0,0,0,1,9,2,235,20,43,294.217,38,0,1,0,8
343,1,0,0,0,3,2,155,12,34,222.196,25,0,2,0,24
344,1,0,0,0,11,4,235,16,32,268.519,25,1,0,0,8
345,1,0,0,0,10,3,369,17,31,284.853,25,0,3,0,8
346,0,0,0,1,2,4,289,36,33,251.81799999999998,30,0,2,1,3
347,0,0,0,1,11,4,260,50,36,306.345,23,0,4,0,4
348,1,0,0,0,5,2,279,5,39,378.884,24,0,2,0,0
349,0,0,0,1,8,3,260,50,36,265.615,23,0,4,0,4
350,1,0,0,0,11,1,279,5,39,284.031,24,0,2,0,0
351,0,0,0,1,10,2,289,36,33,265.017,30,0,2,1,8
352,0,0,0,1,4,4,260,50,36,239.40900000000002,23,0,4,0,4
353,0,0,0,1,12,3,225,26,28,261.306,24,0,1,2,3
354,0,0,0,1,1,1,118,10,37,308.593,28,0,0,0,1
355,0,0,0,1,4,1,155,12,34,246.28799999999998,25,0,2,0,4
356,1,0,0,0,5,2,179,22,40,237.65599999999998,22,1,2,0,8
357,1,0,0,0,3,2,118,13,50,244.387,31,0,1,0,8
358,0,0,0,1,8,1,289,36,33,205.917,30,0,2,1,8
359,0,0,0,1,6,2,225,26,28,253.957,24,0,1,2,2
360,0,0,0,1,3,4,246,25,41,244.387,23,0,0,0,2
361,1,0,0,0,5,2,289,36,33,378.884,30,0,2,1,8
362,1,0,0,0,7,1,330,16,28,275.312,25,1,0,0,8
363,0,0,0,1,6,0,361,52,28,377.55,27,0,1,4,8
364,0,0,0,1,7,1,361,52,28,275.312,27,0,1,4,8
365,1,0,0,0,5,0,179,22,40,246.074,22,1,2,0,2
366,0,0,0,1,7,4,330,16,28,230.29,25,1,0,0,8
367,0,0,0,1,9,1,361,52,28,261.756,27,0,1,4,8
368,0,0,0,1,12,4,179,51,38,236.62900000000002,31,0,0,0,1
369,0,0,1,0,7,0,289,36,33,275.312,30,0,2,1,32
370,0,0,0,1,1,1,225,26,28,308.593,24,0,1,2,2
371,0,0,0,1,2,4,179,51,38,264.249,31,0,0,0,2
372,1,0,0,0,3,0,179,22,40,343.25300000000004,22,1,2,0,40
373,0,0,1,0,3,0,361,52,28,222.196,27,0,1,4,8
374,1,0,0,0,12,1,179,26,30,280.54900000000004,19,1,0,0,16
375,1,0,0,0,1,3,289,48,49,313.532,36,0,0,2,8
376,0,0,0,1,7,4,118,10,37,275.312,28,0,0,0,4
377,0,0,1,0,11,3,179,22,40,306.345,22,1,2,0,8
378,1,0,0,0,6,1,235,11,37,253.957,29,1,1,1,8
379,1,0,0,0,10,2,179,26,30,265.017,19,1,0,0,8
380,0,0,0,1,2,3,225,26,28,264.249,24,0,1,2,3
381,0,0,0,1,10,2,248,25,47,253.465,32,0,2,1,2
382,1,0,0,0,5,0,179,22,40,246.074,22,1,2,0,3
383,0,0,0,1,3,1,378,49,36,244.387,21,0,2,4,8
384,0,0,0,1,12,1,248,25,47,261.306,32,0,2,1,1
385,0,0,0,1,8,1,118,10,37,249.797,28,0,0,0,4
386,0,0,0,1,3,3,179,51,38,222.196,31,0,0,0,3
387,0,0,1,0,1,0,118,10,37,330.061,28,0,0,0,32
388,0,0,1,0,8,0,179,51,38,205.917,31,0,0,0,8
389,0,0,0,1,12,0,179,51,38,236.62900000000002,31,0,0,0,2
390,1,0,0,0,1,2,289,36,33,313.532,30,0,2,1,8
391,0,0,0,1,1,0,118,10,37,308.593,28,0,0,0,2
392,0,0,0,1,1,4,179,51,38,313.532,31,0,0,0,2
393,1,0,0,0,7,1,118,13,50,239.554,31,0,1,0,0
394,0,0,0,1,3,4,179,51,38,244.387,31,0,0,0,8
395,0,0,0,1,8,2,157,27,29,205.917,22,0,0,0,4
396,1,0,0,0,11,4,155,12,34,306.345,25,0,2,0,8
397,0,0,0,1,10,5,179,26,30,265.017,19,1,0,0,16
398,0,0,0,1,10,2,225,26,28,253.465,24,0,1,2,3
399,0,0,0,1,4,2,291,31,40,326.452,25,0,1,1,1
400,0,0,0,1,3,4,225,26,28,343.25300000000004,24,0,1,2,1
401,0,0,0,1,5,2,235,16,32,237.65599999999998,25,1,0,0,2
402,0,0,0,1,11,4,225,26,28,268.519,24,0,1,2,2
403,1,0,0,0,10,6,225,26,28,284.853,24,0,1,2,0
404,1,0,0,0,6,2,179,51,38,253.957,31,0,0,0,8
405,0,0,1,0,11,2,179,22,40,306.345,22,1,2,0,8
406,0,0,0,1,11,2,118,10,37,268.519,28,0,0,0,3
407,0,0,0,1,2,2,179,51,38,251.81799999999998,31,0,0,0,3
408,1,0,0,0,2,2,233,51,31,264.249,21,1,1,8,3
409,0,0,0,1,1,3,118,10,37,308.593,28,0,0,0,2
410,0,0,0,1,5,2,235,20,43,237.65599999999998,38,0,1,0,8
411,0,0,1,0,3,0,260,50,36,244.387,23,0,4,0,8
412,1,0,0,0,10,4,179,26,30,265.017,19,1,0,0,5
413,0,0,0,1,2,2,179,51,38,251.81799999999998,31,0,0,0,3
414,1,0,0,0,7,2,260,50,36,239.554,23,0,4,0,8
415,0,0,0,1,2,2,179,26,30,264.249,19,1,0,0,2
416,1,0,0,0,5,2,225,26,28,237.65599999999998,24,0,1,2,3
417,0,0,0,1,5,3,291,31,40,237.65599999999998,25,0,1,1,2
418,0,0,0,1,10,1,369,17,31,284.853,25,0,3,0,8
419,0,0,0,1,12,2,291,31,40,280.54900000000004,25,0,1,1,1
420,1,0,0,0,7,4,118,10,37,275.312,28,0,0,0,8
421,0,0,1,0,1,0,118,10,37,308.593,28,0,0,0,1
422,0,0,0,1,12,2,225,26,28,280.54900000000004,24,0,1,2,3
423,0,0,0,1,10,5,118,13,50,265.017,31,0,1,0,1
424,0,0,0,1,3,4,289,36,33,244.387,30,0,2,1,8
425,0,0,0,1,2,4,289,36,33,302.585,30,0,2,1,8
426,0,0,0,1,2,4,179,22,40,264.249,22,1,2,0,2
427,0,0,0,1,7,2,179,51,38,239.554,31,0,0,0,4
428,1,0,0,0,4,3,189,29,33,246.28799999999998,25,0,2,2,8
429,1,0,0,0,9,1,289,36,33,241.476,30,0,2,1,0
430,0,0,0,1,5,3,361,52,28,246.074,27,0,1,4,1
431,0,0,1,0,5,1,225,26,28,378.884,24,0,1,2,8
432,0,0,0,1,12,4,260,50,36,236.62900000000002,23,0,4,0,4
433,0,0,0,1,1,2,118,10,37,308.593,28,0,0,0,2
434,0,0,0,1,2,0,189,29,33,251.81799999999998,25,0,2,2,8
435,0,0,0,1,3,2,225,26,28,343.25300000000004,24,0,1,2,2
436,0,1,0,0,11,3,248,25,47,268.519,32,0,2,1,4
437,1,0,0,0,4,2,179,51,38,326.452,31,0,0,0,24
438,1,0,0,0,9,0,179,51,38,294.217,31,0,0,0,8
439,1,0,0,0,3,3,118,13,50,244.387,31,0,1,0,0
440,0,0,0,1,2,0,179,51,38,264.249,31,0,0,0,2
441,0,0,0,1,1,1,118,10,37,308.593,28,0,0,0,2
442,1,0,0,0,2,2,246,25,41,302.585,23,0,0,0,8
443,0,0,0,1,3,2,228,14,58,222.196,22,0,2,1,2
444,1,0,0,0,9,0,225,26,28,241.476,24,0,1,2,0
445,0,0,1,0,6,0,246,25,41,377.55,23,0,0,0,8
446,0,0,0,1,12,4,225,26,28,261.306,24,0,1,2,2
447,0,0,0,1,8,0,235,11,37,265.615,29,1,1,1,1
448,0,0,0,1,9,1,291,31,40,294.217,25,0,1,1,3
449,0,0,1,0,9,2,289,36,33,294.217,30,0,2,1,24
450,0,0,0,1,12,0,235,11,37,236.62900000000002,29,1,1,1,3
451,1,0,0,0,8,2,300,26,43,265.615,25,0,2,1,1
452,0,1,0,0,3,4,248,25,47,343.25300000000004,32,0,2,1,3
453,0,0,0,1,12,2,361,52,28,261.306,27,0,1,4,8
454,1,0,0,0,10,4,235,20,43,265.017,38,0,1,0,0
455,1,0,0,0,6,4,179,51,38,253.957,31,0,0,0,0
456,0,0,0,1,5,2,179,26,30,237.65599999999998,19,1,0,0,2
457,0,0,0,1,2,4,179,51,38,264.249,31,0,0,0,3
458,0,0,0,1,7,1,330,16,28,275.312,25,1,0,0,8
459,0,0,0,1,6,1,118,13,50,377.55,31,0,1,0,1
460,0,0,0,1,2,2,225,26,28,302.585,24,0,1,2,1
461,0,0,1,0,11,2,235,11,37,284.031,29,1,1,1,1
462,0,0,0,1,5,3,155,12,34,378.884,25,0,2,0,2
463,1,0,0,0,6,1,330,16,28,253.957,25,1,0,0,1
464,1,0,0,0,10,2,228,14,58,284.853,22,0,2,1,1
465,1,0,0,0,10,3,248,25,47,265.017,32,0,2,1,0
466,0,0,0,1,2,3,225,26,28,302.585,24,0,1,2,3
467,0,0,1,0,3,1,260,50,36,343.25300000000004,23,0,4,0,8
468,0,0,0,1,7,4,118,10,37,230.29,28,0,0,0,8
469,1,0,0,0,3,4,260,50,36,343.25300000000004,23,0,4,0,40
470,1,0,0,0,3,1,155,12,34,343.25300000000004,25,0,2,0,8
471,0,0,0,1,2,3,179,26,30,264.249,19,1,0,0,2
472,0,0,0,1,5,0,155,12,34,378.884,25,0,2,0,1
473,0,0,0,1,4,3,155,12,34,326.452,25,0,2,0,1
474,0,0,0,1,11,4,260,50,36,284.031,23,0,4,0,3
475,0,0,0,1,11,0,235,20,43,284.031,38,0,1,0,8
476,1,0,0,0,2,1,388,15,50,302.585,24,0,0,0,8
477,0,0,1,0,3,1,179,22,40,343.25300000000004,22,1,2,0,8
478,0,0,0,1,6,0,155,12,34,377.55,25,0,2,0,4
479,1,0,0,0,5,2,388,15,50,378.884,24,0,0,0,0
480,0,1,0,0,4,4,246,25,41,326.452,23,0,0,0,8
481,1,0,0,0,4,4,235,11,37,326.452,29,1,1,1,3
482,0,0,0,1,10,4,179,51,38,265.017,31,0,0,0,1
483,0,0,0,1,2,3,179,51,38,264.249,31,0,0,0,2
484,0,0,0,1,3,3,225,26,28,222.196,24,0,1,2,2
485,1,0,0,0,11,1,118,10,37,268.519,28,0,0,0,8
486,0,0,0,1,11,4,179,51,38,268.519,31,0,0,0,1
487,0,0,0,1,10,4,260,50,36,253.465,23,0,4,0,3
488,0,0,0,1,2,4,179,51,38,251.81799999999998,31,0,0,0,3
489,0,0,0,1,12,4,235,20,43,280.54900000000004,38,0,1,0,8
490,1,0,0,0,3,0,225,26,28,343.25300000000004,24,0,1,2,8
491,0,0,0,1,3,0,235,16,32,222.196,25,1,0,0,3
492,0,0,0,1,11,0,248,25,47,306.345,32,0,2,1,1
493,1,0,0,0,6,4,235,11,37,377.55,29,1,1,1,16
494,0,0,0,1,10,1,369,17,31,284.853,25,0,3,0,8
495,0,0,0,1,9,3,179,51,38,294.217,31,0,0,0,1
496,0,0,0,1,11,1,361,52,28,268.519,27,0,1,4,8
497,0,1,0,0,3,1,118,13,50,244.387,31,0,1,0,3
498,1,0,0,0,10,1,225,26,28,284.853,24,0,1,2,3
499,1,0,0,0,6,2,118,13,50,377.55,31,0,1,0,8
500,0,0,0,1,12,2,118,13,50,261.306,31,0,1,0,2
501,0,0,0,1,10,2,235,11,37,265.017,29,1,1,1,4
502,0,0,0,1,3,2,179,51,38,222.196,31,0,0,0,2
503,0,0,0,1,6,3,225,26,28,253.957,24,0,1,2,4
504,0,0,0,1,1,0,118,13,50,330.061,31,0,1,0,4
505,0,0,0,1,4,1,118,13,50,246.28799999999998,31,0,1,0,3
506,0,0,0,1,9,1,118,10,37,241.476,28,0,0,0,2
507,1,0,0,0,6,0,246,25,41,377.55,23,0,0,0,8
508,0,0,1,0,3,2,246,25,41,244.387,23,0,0,0,16
509,0,0,1,0,5,2,225,15,41,237.65599999999998,28,1,2,2,3
510,0,0,0,1,5,3,235,16,32,237.65599999999998,25,1,0,0,2
511,0,0,1,0,2,3,189,29,33,302.585,25,0,2,2,8
512,1,0,0,0,7,3,260,50,36,275.312,23,0,4,0,0
513,0,0,0,1,9,3,291,31,40,261.756,25,0,1,1,2
514,0,0,0,1,7,0,289,36,33,230.29,30,0,2,1,8
515,0,0,0,1,9,4,179,51,38,294.217,31,0,0,0,3
516,0,0,0,1,9,2,155,12,34,241.476,25,0,2,0,2
517,0,0,0,1,1,2,225,26,28,308.593,24,0,1,2,1
518,0,0,1,0,8,0,289,36,33,205.917,30,0,2,1,8
519,1,0,0,0,5,1,179,51,38,378.884,31,0,0,0,1
520,1,0,0,0,3,3,179,22,40,343.25300000000004,22,1,2,0,8
521,0,0,0,1,10,2,179,51,38,284.853,31,0,0,0,3
522,0,0,0,1,8,3,235,11,37,205.917,29,1,1,1,4
523,0,0,0,1,12,2,361,52,28,261.306,27,0,1,4,8
524,0,0,0,1,1,3,289,36,33,308.593,30,0,2,1,3
525,1,0,0,0,11,4,246,25,41,284.031,23,0,0,0,8
526,1,0,0,0,6,1,246,25,41,377.55,23,0,0,0,24
527,0,0,1,0,8,2,289,36,33,205.917,30,0,2,1,8
528,1,0,0,0,9,0,291,31,40,294.217,25,0,1,1,40
529,1,0,0,0,9,1,118,13,50,241.476,31,0,1,0,0
530,0,0,0,1,2,2,179,51,38,264.249,31,0,0,0,2
531,0,0,0,1,4,1,361,52,28,246.28799999999998,27,0,1,4,2
532,0,0,0,1,9,4,260,50,36,241.476,23,0,4,0,8
533,0,0,0,1,5,0,118,13,50,237.65599999999998,31,0,1,0,2
534,0,0,0,1,7,1,246,25,41,230.29,23,0,0,0,2
535,0,0,0,1,10,1,118,10,37,253.465,28,0,0,0,3
536,0,0,0,1,4,4,260,50,36,239.40900000000002,23,0,4,0,3
537,1,0,0,0,2,2,157,27,29,251.81799999999998,22,0,0,0,16
538,0,0,0,1,3,0,248,25,47,222.196,32,0,2,1,2
539,1,0,0,0,11,0,378,49,36,284.031,21,0,2,4,8
540,0,0,0,1,6,1,235,20,43,253.957,38,0,1,0,8
541,0,0,0,1,6,0,289,48,49,377.55,36,0,0,2,2
542,1,0,0,0,7,4,260,50,36,230.29,23,0,4,0,8
543,1,0,0,0,4,2,118,10,37,239.40900000000002,28,0,0,0,2
544,0,0,0,1,2,1,225,26,28,264.249,24,0,1,2,2
545,1,0,0,0,10,6,235,20,43,265.017,38,0,1,0,0
546,1,0,0,0,3,0,225,26,28,222.196,24,0,1,2,8
547,0,0,0,1,5,4,361,52,28,378.884,27,0,1,4,8
548,1,0,0,0,2,3,179,51,38,264.249,31,0,0,0,8
549,1,0,0,0,10,2,118,10,37,265.017,28,0,0,0,3
550,1,0,0,0,8,0,179,51,38,205.917,31,0,0,0,1
551,1,0,0,0,4,2,118,13,50,239.40900000000002,31,0,1,0,120
552,1,0,0,0,11,1,330,16,28,284.031,25,1,0,0,0
553,1,0,0,0,4,2,155,12,34,326.452,25,0,2,0,24
554,0,0,0,1,6,0,179,51,38,253.957,31,0,0,0,4
555,0,0,0,1,2,4,184,42,27,302.585,21,0,0,0,1
556,1,0,0,0,11,1,118,10,37,268.519,28,0,0,0,8
557,1,0,0,0,5,2,289,36,33,378.884,30,0,2,1,24
558,0,0,0,1,5,0,235,11,37,237.65599999999998,29,1,1,1,8
559,0,0,1,0,3,0,289,36,33,222.196,30,0,2,1,104
560,0,0,0,1,3,2,179,51,38,222.196,31,0,0,0,2
561,0,0,0,1,9,1,369,17,31,261.756,25,0,3,0,8
562,0,0,0,1,12,3,225,26,28,280.54900000000004,24,0,1,2,3
563,1,0,0,0,6,2,118,13,50,377.55,31,0,1,0,80
564,1,0,0,0,3,3,235,11,37,244.387,29,1,1,1,0
565,1,0,0,0,11,0,118,10,37,284.031,28,0,0,0,8
566,0,0,0,1,3,0,225,26,28,343.25300000000004,24,0,1,2,1
567,1,0,0,0,2,1,225,26,28,264.249,24,0,1,2,8
568,0,0,1,0,2,0,233,51,31,264.249,21,1,1,8,2
569,0,0,0,1,8,1,235,20,43,249.797,38,0,1,0,8
570,1,0,0,0,9,2,179,51,38,294.217,31,0,0,0,8
571,1,0,0,0,8,2,330,16,28,205.917,25,1,0,0,8
572,0,0,0,1,3,4,260,50,36,343.25300000000004,23,0,4,0,4
573,0,0,1,0,3,3,235,11,37,244.387,29,1,1,1,8
574,0,0,0,1,3,4,179,26,30,222.196,19,1,0,0,2
575,0,0,0,1,12,1,225,26,28,280.54900000000004,24,0,1,2,2
576,1,0,0,0,3,0,179,26,30,343.25300000000004,19,1,0,0,1
577,1,0,0,0,11,2,118,10,37,284.031,28,0,0,0,3
578,0,0,1,0,4,1,289,36,33,326.452,30,0,2,1,8
579,0,0,0,1,7,1,246,25,41,230.29,23,0,0,0,2
580,0,0,0,1,3,2,118,15,46,222.196,25,0,2,0,8
581,0,0,0,1,8,2,118,13,50,265.615,31,0,1,0,1
582,0,0,0,1,8,1,118,10,37,249.797,28,0,0,0,5
583,0,0,1,0,1,1,289,36,33,308.593,30,0,2,1,8
584,0,0,0,1,11,3,179,51,38,284.031,31,0,0,0,1
585,0,0,0,1,2,4,225,15,41,264.249,28,1,2,2,2
586,0,0,0,1,8,3,330,16,28,249.797,25,1,0,0,16
587,0,0,0,1,1,3,179,22,40,313.532,22,1,2,0,2
588,0,0,0,1,4,4,291,31,40,326.452,25,0,1,1,3
589,0,0,0,1,2,3,155,12,34,302.585,25,0,2,0,2
590,0,0,0,1,4,0,248,25,47,239.40900000000002,32,0,2,1,4
591,0,0,0,1,7,0,235,20,43,230.29,38,0,1,0,8
592,0,0,0,1,2,1,330,16,28,302.585,25,1,0,0,1
593,0,0,0,1,3,3,179,51,38,222.196,31,0,0,0,3
594,1,0,0,0,7,0,260,50,36,239.554,23,0,4,0,8
595,1,0,0,0,8,1,184,42,27,265.615,21,0,0,0,8
596,1,0,0,0,11,2,289,36,33,306.345,30,0,2,1,24
597,0,0,0,1,5,0,155,12,34,378.884,25,0,2,0,2
598,1,0,0,0,5,0,155,12,34,237.65599999999998,25,0,2,0,48
599,0,0,1,0,12,1,155,12,34,280.54900000000004,25,0,2,0,80
600,1,0,0,0,11,1,291,31,40,268.519,25,0,1,1,0
601,0,0,0,1,4,4,179,26,30,246.28799999999998,19,1,0,0,2
602,0,0,1,0,11,1,179,51,38,268.519,31,0,0,0,1
603,1,0,0,0,3,0,179,26,30,222.196,19,1,0,0,2
604,1,0,0,0,11,0,246,25,41,284.031,23,0,0,0,8
605,0,1,0,0,10,1,291,31,40,253.465,25,0,1,1,8
606,0,0,0,1,10,2,289,36,33,253.465,30,0,2,1,8
607,1,0,0,0,8,2,118,13,50,265.615,31,0,1,0,3
608,0,0,0,1,2,1,184,42,27,302.585,21,0,0,0,8
609,0,0,0,1,3,3,179,51,38,222.196,31,0,0,0,3
610,0,0,0,1,10,4,291,31,40,284.853,25,0,1,1,1
611,0,0,1,0,4,1,361,52,28,246.28799999999998,27,0,1,4,8
612,0,0,0,1,7,0,235,29,48,230.29,33,0,1,5,1
613,0,0,1,0,12,0,233,51,31,280.54900000000004,21,1,1,8,8
614,0,0,0,1,7,3,225,26,28,230.29,24,0,1,2,4
615,0,0,1,0,8,3,157,27,29,265.615,22,0,0,0,3
616,0,0,0,1,2,1,118,10,37,251.81799999999998,28,0,0,0,2
617,0,0,0,1,11,0,291,31,40,284.031,25,0,1,1,1
618,0,0,1,0,2,0,330,16,28,302.585,25,1,0,0,8
619,0,0,0,1,10,6,260,50,36,265.017,23,0,4,0,3
620,0,0,0,1,4,4,260,50,36,326.452,23,0,4,0,4
621,0,0,0,1,2,1,225,26,28,264.249,24,0,1,2,3
622,0,0,0,1,12,1,179,26,30,236.62900000000002,19,1,0,0,1
623,1,0,0,0,7,0,330,16,28,275.312,25,1,0,0,8
624,0,1,0,0,11,0,291,31,40,306.345,25,0,1,1,40
625,1,0,0,0,3,0,179,51,38,222.196,31,0,0,0,4
626,0,0,0,1,4,2,179,51,38,239.40900000000002,31,0,0,0,8
627,1,0,0,0,9,0,179,51,38,294.217,31,0,0,0,8
628,0,0,0,1,3,0,260,50,36,343.25300000000004,23,0,4,0,16
629,0,0,0,1,2,0,179,51,38,264.249,31,0,0,0,2
630,1,0,0,0,4,0,225,26,28,246.28799999999998,24,0,1,2,8
631,0,0,0,1,3,1,291,50,32,343.25300000000004,23,0,0,0,2
632,0,0,0,1,12,0,179,51,38,236.62900000000002,31,0,0,0,3
633,0,0,0,1,2,0,179,51,38,251.81799999999998,31,0,0,0,3
634,1,0,0,0,9,2,246,25,41,294.217,23,0,0,0,32
635,0,0,0,1,1,4,118,10,37,308.593,28,0,0,0,2
636,1,0,0,0,8,0,361,52,28,205.917,27,0,1,4,40
637,0,0,0,1,2,3,179,51,38,264.249,31,0,0,0,2
638,0,0,0,1,9,4,260,50,36,294.217,23,0,4,0,4
639,1,0,0,0,7,1,225,26,28,230.29,24,0,1,2,112
640,0,0,0,1,1,2,179,51,38,330.061,31,0,0,0,1
641,0,0,0,1,8,0,361,52,28,205.917,27,0,1,4,7
642,0,0,0,1,4,4,248,25,47,326.452,32,0,2,1,8
643,1,0,0,0,10,2,118,13,50,253.465,31,0,1,0,0
644,0,1,0,0,7,4,246,25,41,239.554,23,0,0,0,8
645,0,0,0,1,7,0,260,50,36,230.29,23,0,4,0,4
646,0,0,0,1,10,2,369,17,31,265.017,25,0,3,0,8
647,0,0,0,1,3,1,248,25,47,222.196,32,0,2,1,3
648,1,0,0,0,11,4,378,49,36,284.031,21,0,2,4,0
649,0,0,0,1,8,1,289,36,33,205.917,30,0,2,1,1
650,0,0,0,1,2,2,179,51,38,264.249,31,0,0,0,2
651,0,0,1,0,9,1,235,20,43,241.476,38,0,1,0,8
652,0,0,0,1,9,1,118,10,37,261.756,28,0,0,0,3
653,0,0,0,1,10,1,225,26,28,284.853,24,0,1,2,2
654,0,0,0,1,4,4,179,26,30,246.28799999999998,19,1,0,0,2
655,0,1,0,0,12,3,361,52,28,280.54900000000004,27,0,1,4,4
656,0,0,0,1,6,2,118,13,50,253.957,31,0,1,0,2
657,1,0,0,0,2,4,246,25,41,251.81799999999998,23,0,0,0,24
658,0,0,0,1,10,3,291,31,40,253.465,25,0,1,1,5
659,1,0,0,0,11,3,118,10,37,268.519,28,0,0,0,2
660,0,0,1,0,6,2,179,26,30,253.957,19,1,0,0,2
661,0,0,0,1,3,4,179,26,30,222.196,19,1,0,0,2
662,0,0,0,1,5,4,260,50,36,246.074,23,0,4,0,3
663,0,0,0,1,3,4,179,26,30,222.196,19,1,0,0,3
664,0,0,0,1,3,2,369,17,31,222.196,25,0,3,0,8
665,0,0,0,1,8,6,248,25,47,265.615,32,0,2,1,2
666,1,0,0,0,5,2,184,42,27,378.884,21,0,0,0,4
667,0,0,0,1,10,5,118,13,50,265.017,31,0,1,0,1
668,0,0,0,1,10,3,289,48,49,284.853,36,0,0,2,2
669,1,0,0,0,10,3,157,27,29,265.017,22,0,0,0,0
670,1,0,0,0,11,2,330,16,28,268.519,25,1,0,0,24
671,1,0,0,0,11,1,179,51,38,284.031,31,0,0,0,8
672,0,0,0,1,7,4,260,50,36,239.554,23,0,4,0,4
673,0,0,0,1,3,4,260,50,36,244.387,23,0,4,0,4
674,0,0,0,1,2,3,189,29,33,302.585,25,0,2,2,8
675,0,0,0,1,11,0,189,29,33,306.345,25,0,2,2,8
676,0,0,0,1,7,3,291,31,40,230.29,25,0,1,1,1
677,0,0,0,1,9,2,225,26,28,261.756,24,0,1,2,1
678,1,0,0,0,5,2,378,49,36,378.884,21,0,2,4,0
679,0,0,0,1,1,2,179,26,30,313.532,19,1,0,0,2
680,0,0,1,0,12,4,179,22,40,280.54900000000004,22,1,2,0,2
681,0,0,0,1,3,0,179,51,38,244.387,31,0,0,0,16
682,0,1,0,0,4,1,235,16,32,246.28799999999998,25,1,0,0,3
683,0,0,0,1,8,1,235,11,37,249.797,29,1,1,1,4
684,0,0,1,0,8,3,289,36,33,265.615,30,0,2,1,8
685,0,1,0,0,7,0,300,26,43,230.29,25,0,2,1,8
686,0,0,1,0,12,0,289,36,33,236.62900000000002,30,0,2,1,8
687,0,0,0,1,8,6,289,36,33,265.615,30,0,2,1,1
688,1,0,0,0,9,1,231,35,39,294.217,35,0,2,2,0
689,1,0,0,0,3,2,225,26,28,343.25300000000004,24,0,1,2,16
690,0,0,0,1,9,4,291,31,40,294.217,25,0,1,1,4
691,0,0,1,0,3,1,118,10,37,244.387,28,0,0,0,8
692,1,0,0,0,10,3,235,16,32,284.853,25,1,0,0,3
693,0,0,0,1,1,3,179,51,38,313.532,31,0,0,0,3
694,0,0,1,0,1,1,179,26,30,308.593,19,1,0,0,8
695,1,0,0,0,2,0,388,15,50,302.585,24,0,0,0,8
696,0,0,0,1,3,4,179,51,38,222.196,31,0,0,0,3
697,0,0,0,1,10,2,179,51,38,253.465,31,0,0,0,8
698,0,0,0,1,6,3,225,26,28,377.55,24,0,1,2,2
699,1,0,0,0,8,3,291,50,32,205.917,23,0,0,0,4
